,List_Of_Methods,Mean,NumSelected,RelIndexs,STD
AA_Glycine.2tms,"['VIP', 'PIMP', 'Vita']",40.0,3,"[34, 37, 49]",6.48074069840786
RP_C0596,"['VIP', 'PIMP', 'Vita']",91.0,3,"[168, 17, 88]",61.68198008062538
EI_C0842,"['VIP', 'PIMP', 'Vita']",6.666666666666667,3,"[7, 5, 8]",1.247219128924647
RP_C0721,"['VIP', 'PIMP', 'Vita']",52.666666666666664,3,"[10, 54, 94]",34.30581421404962
RP_C0665,"['VIP', 'PIMP', 'Vita']",75.66666666666667,3,"[42, 49, 136]",42.7577153531643
EI_C0854,"['VIP', 'PIMP', 'Vita']",31.0,3,"[15, 49, 29]",13.9522996909709
EI_C0855,"['VIP', 'PIMP', 'Vita']",36.666666666666664,3,"[23, 31, 56]",14.055445761538678
RP_C0617,"['VIP', 'PIMP', 'Vita']",103.66666666666667,3,"[81, 56, 174]",50.769632218045025
RP_C0611,"['VIP', 'PIMP', 'Vita']",15.666666666666666,3,"[11, 9, 27]",8.055363982396381
RP_C0573,"['VIP', 'PIMP', 'Vita']",82.33333333333333,3,"[192, 40, 15]",78.21480394116932
RP_C1699,"['VIP', 'PIMP', 'Vita']",12.666666666666666,3,"[4, 12, 22]",7.363574011458175
EI_C0989,"['VIP', 'PIMP', 'Vita']",16.666666666666668,3,"[24, 13, 13]",5.185449728701348
EI_C0995,"['VIP', 'PIMP', 'Vita']",0.3333333333333333,3,"[0, 0, 1]",0.4714045207910317
RP_C0492,"['VIP', 'PIMP', 'Vita']",28.666666666666668,3,"[1, 21, 64]",26.284765338288427
RP_C0476,"['VIP', 'PIMP', 'Vita']",4.333333333333333,3,"[6, 3, 4]",1.247219128924647
RP_C0475,"['VIP', 'PIMP', 'Vita']",105.66666666666667,3,"[85, 39, 193]",64.54627969311804
RP_C0415,"['VIP', 'PIMP', 'Vita']",34.0,3,"[12, 33, 57]",18.384776310850235
RP_C0371,"['VIP', 'PIMP', 'Vita']",47.0,3,"[8, 28, 105]",41.817061908587824
RP_C0722,"['VIP', 'PIMP', 'Vita']",41.333333333333336,3,"[21, 60, 43]",15.965240019770729
RP_C0733,"['VIP', 'PIMP', 'Vita']",79.0,3,"[31, 35, 171]",65.07431649019962
RP_C0911,"['VIP', 'PIMP', 'Vita']",74.33333333333333,3,"[17, 59, 147]",54.168461508725
RP_C0947,"['VIP', 'PIMP', 'Vita']",122.33333333333333,3,"[165, 161, 41]",57.53453069437712
RP_C1530,"['VIP', 'PIMP', 'Vita']",106.33333333333333,3,"[114, 81, 124]",18.372685039360892
RP_C1528,"['VIP', 'PIMP', 'Vita']",5.0,3,"[14, 0, 1]",6.377042156569663
EI_C0531,"['VIP', 'PIMP', 'Vita']",18.0,3,"[22, 16, 16]",2.8284271247461903
EI_C0532,"['VIP', 'PIMP', 'Vita']",2.0,3,"[3, 1, 2]",0.816496580927726
EI_C0540,"['VIP', 'PIMP', 'Vita']",53.333333333333336,3,"[47, 63, 50]",6.944222218666553
RP_C1416,"['VIP', 'PIMP', 'Vita']",30.333333333333332,3,"[76, 5, 10]",32.355662392986005
EI_C0580,"['VIP', 'PIMP', 'Vita']",24.0,3,"[10, 28, 34]",10.198039027185569
EI_C0581,"['VIP', 'PIMP', 'Vita']",60.333333333333336,3,"[56, 41, 84]",17.82008853949821
EI_C0599,"['VIP', 'PIMP', 'Vita']",26.0,3,"[28, 30, 20]",4.320493798938574
RP_C1287,"['VIP', 'PIMP', 'Vita']",25.0,3,"[5, 42, 28]",15.253414918196734
RP_C1237,"['VIP', 'PIMP', 'Vita']",86.0,3,"[20, 139, 99]",49.44357052910587
RP_C1229,"['VIP', 'PIMP', 'Vita']",100.66666666666667,3,"[128, 140, 34]",47.39432689913659
RP_C1158,"['VIP', 'PIMP', 'Vita']",24.333333333333332,3,"[2, 20, 51]",20.23747898221405
EI_C0712,"['VIP', 'PIMP', 'Vita']",14.0,3,"[14, 14, 14]",0.0
EI_C0722,"['VIP', 'PIMP', 'Vita']",51.666666666666664,3,"[36, 72, 47]",15.062831370260005
RP_C0341,"['VIP', 'PIMP', 'Vita']",15.0,3,"[9, 6, 30]",10.677078252031311
RP_C0337,"['VIP', 'PIMP', 'Vita']",136.33333333333334,3,"[158, 142, 109]",20.401524997465806
EI_C1148,"['VIP', 'PIMP', 'Vita']",50.0,3,"[29, 36, 85]",24.91318258807306
RP_C0029,"['VIP', 'PIMP', 'Vita']",35.0,3,"[13, 29, 63]",20.848661028149188
RP_C0025,"['VIP', 'PIMP', 'Vita']",106.33333333333333,3,"[34, 118, 167]",54.92014404771916
NA_C115,"['VIP', 'PIMP', 'Vita']",39.0,3,"[63, 24, 30]",17.146428199482248
"NA_Isovaleric acid, 2-oxo- (1MEOX) (1TMS) MP","['VIP', 'PIMP', 'Vita']",11.666666666666666,3,"[3, 15, 17]",6.182412330330469
NA_Hydroxylamine (3TMS),"['VIP', 'PIMP', 'Vita']",24.666666666666668,3,"[15, 31, 28]",6.944222218666553
NA_C180,"['VIP', 'PIMP', 'Vita']",37.666666666666664,3,"[18, 50, 45]",14.055445761538676
NA_C780,"['VIP', 'PIMP', 'Vita']",11.666666666666666,3,"[5, 16, 14]",4.784233364802441
NA_C769,"['VIP', 'PIMP', 'Vita']",7.666666666666667,3,"[14, 5, 4]",4.4969125210773475
NA_C297,"['VIP', 'PIMP', 'Vita']",3.3333333333333335,3,"[4, 3, 3]",0.4714045207910317
NA_C391,"['VIP', 'PIMP', 'Vita']",57.333333333333336,3,"[43, 67, 62]",10.338708279513883
NA_C392,"['VIP', 'PIMP', 'Vita']",16.666666666666668,3,"[21, 18, 11]",4.189935029992178
NA_C683,"['VIP', 'PIMP', 'Vita']",58.333333333333336,3,"[64, 51, 60]",5.436502143433364
NA_C678,"['VIP', 'PIMP', 'Vita']",8.666666666666666,3,"[0, 11, 15]",6.342099196813483
NA_C593,"['VIP', 'PIMP', 'Vita']",13.666666666666666,3,"[1, 19, 21]",8.993825042154695
NA_C566,"['VIP', 'PIMP', 'Vita']",68.66666666666667,3,"[60, 73, 73]",6.128258770283413
NA_C507,"['VIP', 'PIMP', 'Vita']",19.666666666666668,3,"[12, 23, 24]",5.436502143433364
EI_Sucrose (8TMS),"['VIP', 'PIMP', 'Vita']",18.333333333333332,3,"[43, 12, 0]",18.116904322268255
RP_C0050,"['VIP', 'PIMP', 'Vita']",64.33333333333333,3,"[63, 47, 83]",14.72714802291635
EI_C1149,"['VIP', 'PIMP', 'Vita']",8.666666666666666,3,"[4, 10, 12]",3.39934634239519
EI_Phosphoric acid (3TMS),"['VIP', 'PIMP', 'Vita']",2.0,3,"[1, 2, 3]",0.816496580927726
EI_C1157,"['VIP', 'PIMP', 'Vita']",9.0,3,"[6, 11, 10]",2.160246899469287
RP_C0323,"['VIP', 'PIMP', 'Vita']",23.333333333333332,3,"[29, 22, 19]",4.189935029992178
RP_C0279,"['VIP', 'PIMP', 'Vita']",132.66666666666666,3,"[171, 95, 132]",31.030450993965413
RP_C0259,"['VIP', 'PIMP', 'Vita']",62.333333333333336,3,"[38, 11, 138]",54.62803513052819
RP_C0217,"['VIP', 'PIMP', 'Vita']",28.666666666666668,3,"[16, 37, 33]",9.104333522498443
EI_C1257,"['VIP', 'PIMP', 'Vita']",53.0,3,"[53, 27, 79]",21.228911104120876
EI_C1262,"['VIP', 'PIMP', 'Vita']",56.0,3,"[64, 65, 39]",12.027745701779143
EI_C1263,"['VIP', 'PIMP', 'Vita']",4.666666666666667,3,"[2, 6, 6]",1.8856180831641267
RP_C0165,"['VIP', 'PIMP', 'Vita']",154.66666666666666,3,"[187, 176, 101]",38.212854149123984
RP_C0146,"['VIP', 'PIMP', 'Vita']",2.3333333333333335,3,"[3, 2, 2]",0.4714045207910317
RP_C0128,"['VIP', 'PIMP', 'Vita']",54.0,3,"[23, 44, 95]",30.23243291566195
RP_C0101,"['VIP', 'PIMP', 'Vita']",86.0,3,"[58, 30, 170]",60.486913185140025
"EI_Malic acid, 2-methyl- (3TMS)","['VIP', 'PIMP', 'Vita']",23.0,3,"[45, 17, 7]",16.08311744241976
EI_NA_2,"['VIP', 'PIMP', 'Vita']",56.666666666666664,3,"[12, 69, 89]",32.62241901242491
RP_C0063,"['VIP', 'PIMP', 'Vita']",39.666666666666664,3,"[44, 15, 60]",18.624953392931992
RP_C1692,"['VIP', 'PIMP', 'Vita']",34.333333333333336,3,"[15, 10, 78]",30.944394574067136
EI_C0708,"['VIP', 'PIMP', 'Vita']",33.333333333333336,3,"[19, 40, 41]",10.143416036468626
RP_C1872,"['VIP', 'PIMP', 'Vita']",49.0,3,"[32, 86, 29]",26.19160170741759
EI_C0110,"['VIP', 'PIMP', 'Vita']",67.66666666666667,3,"[65, 64, 74]",4.496912521077347
RP_C2524,"['VIP', 'PIMP', 'Vita']",0.3333333333333333,3,"[0, 1, 0]",0.4714045207910317
hi_NADH,"['VIP', 'PIMP', 'Vita']",31.666666666666668,3,"[9, 39, 47]",16.35712552851373
EI_C0230,"['VIP', 'PIMP', 'Vita']",43.666666666666664,3,"[87, 19, 25]",30.739045022396013
EI_C0114,"['VIP', 'PIMP', 'Vita']",5.666666666666667,3,"[8, 4, 5]",1.699673171197595
EI_C0350,"['VIP', 'PIMP', 'Vita']",49.666666666666664,3,"[30, 57, 62]",14.055445761538676
RP_C2071,"['VIP', 'PIMP', 'Vita']",168.66666666666666,3,"[140, 188, 178]",20.677416559027765
hi_Dihydroxyacetone.phosphate,"['VIP', 'PIMP', 'Vita']",46.0,3,"[73, 27, 38]",19.61292091114087
RP_C2123,"['VIP', 'PIMP', 'Vita']",121.33333333333333,3,"[127, 110, 127]",8.013876853447538
hi_S.adenosylmethionine,"['VIP', 'PIMP', 'Vita']",37.666666666666664,3,"[24, 58, 31]",14.65908895153068
hi_Lysine,"['VIP', 'PIMP', 'Vita']",44.333333333333336,3,"[22, 42, 69]",19.258475767539053
hi_Sucrose,"['VIP', 'PIMP', 'Vita']",44.333333333333336,3,"[61, 60, 12]",22.866763848189994
RP_C1871,"['VIP', 'PIMP', 'Vita']",75.33333333333333,3,"[64, 85, 77]",8.65383665716478
EI_C0175,"['VIP', 'PIMP', 'Vita']",28.666666666666668,3,"[11, 32, 43]",13.27487183449325
hi_Glutamate.1,"['VIP', 'PIMP', 'Vita']",27.666666666666668,3,"[19, 28, 36]",6.944222218666553
RP_C1835,"['VIP', 'PIMP', 'Vita']",96.0,3,"[94, 13, 181]",68.60029154456998
RP_C2484,"['VIP', 'PIMP', 'Vita']",23.0,3,"[59, 4, 6]",25.468935326524086
hi_Alanine,"['VIP', 'PIMP', 'Vita']",18.333333333333332,3,"[45, 8, 2]",19.014614262602212
hi_Glutathione,"['VIP', 'PIMP', 'Vita']",40.333333333333336,3,"[40, 47, 34]",5.312459150169743
EI_1-Pyrroline-3-hydroxy-5-carboxylic-acid-2TMS,"['VIP', 'PIMP', 'Vita']",67.66666666666667,3,"[40, 99, 64]",24.225789747475496
EI_C0311,"['VIP', 'PIMP', 'Vita']",4.0,3,"[5, 3, 4]",0.816496580927726
EI_C0449,"['VIP', 'PIMP', 'Vita']",56.0,3,"[94, 43, 31]",27.313000567495326
AA_alanine.2tms,"['VIP', 'PIMP', 'Vita']",4.666666666666667,3,"[2, 4, 8]",2.494438257849294
hi_cyclic.GMP,"['VIP', 'PIMP', 'Vita']",7.0,3,"[8, 7, 6]",0.816496580927726
AA_aspartic.acid.3tms,"['VIP', 'PIMP', 'Vita']",52.0,3,"[50, 48, 58]",4.320493798938574
hi_Thiamine.pyrophosphate,"['VIP', 'PIMP', 'Vita']",9.0,3,"[6, 12, 9]",2.449489742783178
hi_Acetyl.CoA,"['VIP', 'PIMP', 'Vita']",39.666666666666664,3,"[58, 34, 27]",13.27487183449325
EI_C0450,"['VIP', 'PIMP', 'Vita']",51.666666666666664,3,"[95, 33, 27]",30.739045022396013
RP_C1787,"['VIP', 'PIMP', 'Vita']",19.333333333333332,3,"[27, 26, 5]",10.143416036468626
hi_X2.methylglutarate,"['VIP', 'PIMP', 'Vita']",8.666666666666666,3,"[7, 9, 10]",1.247219128924647
hi_Glutamine,"['PIMP', 'Vita']",14.5,2,"[13, 16]",1.5
RP_C0204,"['VIP', 'PIMP']",124.5,2,"[57, 192]",67.5
RP_C0167,"['PIMP', 'Vita']",25.5,2,"[38, 13]",12.5
RP_C0152,"['VIP', 'PIMP']",48.0,2,"[33, 63]",15.0
RP_C0149,"['PIMP', 'Vita']",113.0,2,"[41, 185]",72.0
RP_C1697,"['PIMP', 'Vita']",25.0,2,"[14, 36]",11.0
hi_GDP,"['VIP', 'Vita']",23.5,2,"[10, 37]",13.5
RP_C0228,"['VIP', 'PIMP']",85.5,2,"[55, 116]",30.5
RP_C0243,"['VIP', 'PIMP']",136.5,2,"[74, 199]",62.5
RP_C0262,"['VIP', 'Vita']",100.0,2,"[79, 121]",21.0
RP_C0132,"['VIP', 'PIMP']",61.5,2,"[68, 55]",6.5
RP_C0275,"['VIP', 'PIMP']",139.5,2,"[111, 168]",28.5
hi_Dihydroorotate,"['VIP', 'PIMP']",37.0,2,"[25, 49]",12.0
RP_C0286,"['PIMP', 'Vita']",108.5,2,"[83, 134]",25.5
RP_C0296,"['VIP', 'PIMP']",51.0,2,"[78, 24]",27.0
hi_CTP,"['PIMP', 'Vita']",29.0,2,"[25, 33]",4.0
RP_C0329,"['VIP', 'PIMP']",114.5,2,"[108, 121]",6.5
RP_C0333,"['VIP', 'PIMP']",103.0,2,"[98, 108]",5.0
hi_CMP,"['PIMP', 'Vita']",30.0,2,"[35, 25]",5.0
hi_Hydroxyproline,"['VIP', 'Vita']",32.5,2,"[11, 54]",21.5
RP_C0051,"['VIP', 'PIMP']",65.0,2,"[80, 50]",15.0
RP_C0131,"['VIP', 'PIMP']",152.5,2,"[180, 125]",27.5
hi_Hypoxanthine,"['PIMP', 'Vita']",30.5,2,"[29, 32]",1.5
NA_C614,"['PIMP', 'Vita']",16.0,2,"[6, 26]",10.0
hi_Urea,"['VIP', 'PIMP']",50.5,2,"[27, 74]",23.5
NA_C725,"['PIMP', 'Vita']",60.5,2,"[69, 52]",8.5
hi_UDP.glucose,"['PIMP', 'Vita']",21.5,2,"[20, 23]",1.5
hi_Trehalose,"['PIMP', 'Vita']",20.0,2,"[33, 7]",13.0
hi_Threonine,"['PIMP', 'Vita']",20.5,2,"[22, 19]",1.5
NA_C791,"['PIMP', 'Vita']",53.0,2,"[65, 41]",12.0
NA_C819,"['PIMP', 'Vita']",27.5,2,"[26, 29]",1.5
NA_C845,"['VIP', 'Vita']",52.5,2,"[35, 70]",17.5
NA_Glycerol-3-phosphate (4TMS),"['PIMP', 'Vita']",19.5,2,"[17, 22]",2.5
hi_Serine,"['VIP', 'Vita']",52.0,2,"[56, 48]",4.0
RP_C0011,"['PIMP', 'Vita']",68.0,2,"[51, 85]",17.0
RP_C0015,"['PIMP', 'Vita']",9.0,2,"[7, 11]",2.0
hi_Orotate,"['VIP', 'PIMP']",39.0,2,"[32, 46]",7.0
RP_C0016,"['VIP', 'PIMP']",101.5,2,"[45, 158]",56.5
RP_C0017,"['VIP', 'PIMP']",61.5,2,"[19, 104]",42.5
RP_C0028,"['VIP', 'PIMP']",64.0,2,"[36, 92]",28.0
hi_NAD,"['VIP', 'PIMP']",28.5,2,"[13, 44]",15.5
RP_C0049,"['VIP', 'Vita']",121.0,2,"[109, 133]",12.0
hi_Methionine,"['VIP', 'Vita']",43.0,2,"[47, 39]",4.0
hi_Arginosuccinate,"['PIMP', 'Vita']",14.0,2,"[10, 18]",4.0
RP_C0054,"['VIP', 'PIMP']",70.0,2,"[47, 93]",23.0
hi_Inosine.monophosphate,"['PIMP', 'Vita']",0.0,2,"[0, 0]",0.0
RP_C0064,"['VIP', 'PIMP']",110.5,2,"[40, 181]",70.5
RP_C0095,"['PIMP', 'Vita']",46.0,2,"[31, 61]",15.0
RP_C0097,"['VIP', 'PIMP']",103.0,2,"[46, 160]",57.0
hi_Inosine,"['PIMP', 'Vita']",1.0,2,"[1, 1]",0.0
hi_Aspartic.acid,"['VIP', 'Vita']",65.5,2,"[57, 74]",8.5
RP_C0433,"['VIP', 'Vita']",133.5,2,"[141, 126]",7.5
hi_Arginine,"['PIMP', 'Vita']",17.0,2,"[21, 13]",4.0
RP_C1183,"['VIP', 'Vita']",174.0,2,"[154, 194]",20.0
RP_C1322,"['VIP', 'PIMP']",51.5,2,"[25, 78]",26.5
RP_C1321,"['VIP', 'PIMP']",138.0,2,"[93, 183]",45.0
RP_C1945,"['VIP', 'PIMP']",139.0,2,"[99, 179]",40.0
RP_C1979,"['VIP', 'PIMP']",114.0,2,"[65, 163]",49.0
RP_C1227,"['PIMP', 'Vita']",149.0,2,"[149, 149]",0.0
RP_C1185,"['PIMP', 'Vita']",80.5,2,"[36, 125]",44.5
RP_C2086,"['PIMP', 'Vita']",32.5,2,"[23, 42]",9.5
RP_C0338,"['VIP', 'PIMP']",125.0,2,"[159, 91]",34.0
RP_C1142,"['VIP', 'PIMP']",110.5,2,"[173, 48]",62.5
RP_C1100,"['PIMP', 'Vita']",64.0,2,"[8, 120]",56.0
RP_C1049,"['VIP', 'PIMP']",90.5,2,"[87, 94]",3.5
NA_C493,"['VIP', 'Vita']",34.5,2,"[16, 53]",18.5
RP_C1016,"['VIP', 'PIMP']",41.5,2,"[30, 53]",11.5
RP_C2094,"['PIMP', 'Vita']",147.5,2,"[153, 142]",5.5
RP_C1323,"['PIMP', 'Vita']",158.5,2,"[198, 119]",39.5
RP_C1344,"['PIMP', 'Vita']",126.0,2,"[101, 151]",25.0
RP_C1862,"['VIP', 'PIMP']",125.5,2,"[169, 82]",43.5
RP_C1409,"['VIP', 'Vita']",108.5,2,"[164, 53]",55.5
RP_C1433,"['PIMP', 'Vita']",58.5,2,"[68, 49]",9.5
RP_C1451,"['VIP', 'Vita']",99.5,2,"[119, 80]",19.5
RP_C1807,"['PIMP', 'Vita']",134.5,2,"[112, 157]",22.5
RP_C1460,"['PIMP', 'Vita']",40.0,2,"[57, 23]",17.0
RP_C1799,"['VIP', 'PIMP']",98.0,2,"[129, 67]",31.0
RP_C1482,"['PIMP', 'Vita']",136.5,2,"[87, 186]",49.5
RP_C1484,"['PIMP', 'Vita']",149.0,2,"[191, 107]",42.0
RP_C1500,"['PIMP', 'Vita']",32.5,2,"[18, 47]",14.5
RP_C1535,"['VIP', 'PIMP']",152.5,2,"[198, 107]",45.5
RP_C1553,"['VIP', 'PIMP']",71.5,2,"[77, 66]",5.5
RP_C1577,"['VIP', 'PIMP']",130.0,2,"[88, 172]",42.0
RP_C1586,"['VIP', 'PIMP']",178.0,2,"[178, 178]",0.0
RP_C1682,"['VIP', 'PIMP']",132.5,2,"[103, 162]",29.5
RP_C0983,"['PIMP', 'Vita']",124.0,2,"[58, 190]",66.0
RP_C0960,"['VIP', 'PIMP']",58.5,2,"[43, 74]",15.5
RP_C0951,"['PIMP', 'Vita']",166.5,2,"[141, 192]",25.5
RP_C0630,"['VIP', 'PIMP']",157.5,2,"[172, 143]",14.5
RP_C0386,"['VIP', 'PIMP']",97.0,2,"[48, 146]",49.0
RP_C0400,"['VIP', 'PIMP']",39.0,2,"[7, 71]",32.0
RP_C1765,"['PIMP', 'Vita']",12.0,2,"[16, 8]",4.0
RP_C2673,"['VIP', 'PIMP']",120.0,2,"[188, 52]",68.0
RP_C2669,"['VIP', 'PIMP']",91.0,2,"[102, 80]",11.0
RP_C0487,"['VIP', 'PIMP']",158.0,2,"[143, 173]",15.0
RP_C2636,"['VIP', 'Vita']",165.0,2,"[132, 198]",33.0
RP_C0497,"['PIMP', 'Vita']",184.0,2,"[169, 199]",15.0
RP_C0504,"['VIP', 'PIMP']",140.0,2,"[166, 114]",26.0
RP_C2581,"['VIP', 'PIMP']",94.0,2,"[86, 102]",8.0
RP_C0563,"['VIP', 'PIMP']",90.5,2,"[61, 120]",29.5
RP_C2572,"['PIMP', 'Vita']",167.0,2,"[195, 139]",28.0
RP_C2549,"['VIP', 'Vita']",58.5,2,"[97, 20]",38.5
RP_C0601,"['VIP', 'PIMP']",155.5,2,"[156, 155]",0.5
RP_C0653,"['PIMP', 'Vita']",148.0,2,"[167, 129]",19.0
RP_C2193,"['VIP', 'PIMP']",63.5,2,"[84, 43]",20.5
RP_C2467,"['VIP', 'PIMP']",137.5,2,"[131, 144]",6.5
RP_C2449,"['VIP', 'Vita']",157.0,2,"[118, 196]",39.0
RP_C2402,"['VIP', 'Vita']",130.5,2,"[157, 104]",26.5
RP_C2380,"['PIMP', 'Vita']",13.0,2,"[19, 7]",6.0
RP_C2335,"['VIP', 'PIMP']",137.5,2,"[152, 123]",14.5
RP_C2257,"['PIMP', 'Vita']",160.0,2,"[145, 175]",15.0
RP_C2230,"['VIP', 'PIMP']",149.5,2,"[149, 150]",0.5
RP_C0792,"['VIP', 'PIMP']",75.0,2,"[60, 90]",15.0
RP_C0876,"['VIP', 'PIMP']",134.5,2,"[134, 135]",0.5
RP_C0893,"['PIMP', 'Vita']",145.5,2,"[194, 97]",48.5
RP_C2206,"['PIMP', 'Vita']",148.5,2,"[157, 140]",8.5
RP_C0924,"['PIMP', 'Vita']",193.5,2,"[190, 197]",3.5
RP_C0925,"['VIP', 'PIMP']",154.5,2,"[113, 196]",41.5
RP_C0944,"['VIP', 'PIMP']",106.0,2,"[75, 137]",31.0
NA_C506,"['VIP', 'Vita']",50.0,2,"[28, 72]",22.0
hi_totalSignal,"['VIP', 'PIMP']",51.0,2,"[31, 71]",20.0
EI_C0623,"['PIMP', 'Vita']",85.5,2,"[94, 77]",8.5
EI_C0533,"['VIP', 'Vita']",39.0,2,"[13, 65]",26.0
EI_Erythronic acid (4TMS),"['PIMP', 'Vita']",8.0,2,"[7, 9]",1.0
EI_C0782,"['VIP', 'PIMP']",72.5,2,"[55, 90]",17.5
EI_C0281,"['VIP', 'Vita']",65.5,2,"[34, 97]",31.5
EI_C0524,"['VIP', 'Vita']",63.0,2,"[63, 63]",0.0
EI_C0530,"['PIMP', 'Vita']",23.0,2,"[22, 24]",1.0
EI_C0256,"['VIP', 'PIMP']",54.5,2,"[17, 92]",37.5
EI_C0543,"['VIP', 'PIMP']",55.0,2,"[44, 66]",11.0
EI_C1001,"['VIP', 'PIMP']",41.5,2,"[39, 44]",2.5
EI_C0245,"['VIP', 'PIMP']",51.0,2,"[32, 70]",19.0
EI_O-Toluic-acid-1TMS,"['VIP', 'PIMP']",40.0,2,"[27, 53]",13.0
EI_C0237,"['PIMP', 'Vita']",22.5,2,"[8, 37]",14.5
"EI_Pyridine, 2-hydroxy- (1TMS)","['VIP', 'PIMP']",35.0,2,"[9, 61]",26.0
EI_C0228,"['VIP', 'Vita']",62.0,2,"[33, 91]",29.0
EI_C0723,"['VIP', 'PIMP']",38.5,2,"[21, 56]",17.5
EI_C0321,"['VIP', 'PIMP']",48.5,2,"[20, 77]",28.5
EI_C0491,"['VIP', 'Vita']",66.0,2,"[37, 95]",29.0
EI_C0219,"['VIP', 'Vita']",69.0,2,"[50, 88]",19.0
EI_C1091,"['PIMP', 'Vita']",42.5,2,"[47, 38]",4.5
EI_C0396,"['PIMP', 'Vita']",43.0,2,"[29, 57]",14.0
EI_C0409,"['PIMP', 'Vita']",26.0,2,"[20, 32]",6.0
EI_C1012,"['VIP', 'Vita']",66.0,2,"[60, 72]",6.0
EI_C0992,"['PIMP', 'Vita']",39.0,2,"[24, 54]",15.0
EI_C1027,"['VIP', 'PIMP']",60.5,2,"[79, 42]",18.5
EI_C0928,"['PIMP', 'Vita']",49.5,2,"[50, 49]",0.5
EI_C0847,"['PIMP', 'Vita']",13.0,2,"[9, 17]",4.0
EI_C1260,"['VIP', 'PIMP']",36.0,2,"[18, 54]",18.0
EI_C1141,"['PIMP', 'Vita']",23.5,2,"[26, 21]",2.5
EI_C1182,"['VIP', 'PIMP']",65.5,2,"[72, 59]",6.5
EI_C0352,"['VIP', 'PIMP']",68.0,2,"[52, 84]",16.0
EI_C0351,"['VIP', 'PIMP']",71.5,2,"[70, 73]",1.5
EI_C0457,"['VIP', 'PIMP']",49.5,2,"[31, 68]",18.5
EI_C0459,"['PIMP', 'Vita']",74.0,2,"[75, 73]",1.0
EI_C0220,"['VIP', 'Vita']",86.0,2,"[80, 92]",6.0
EI_C0492,"['VIP', 'Vita']",85.5,2,"[89, 82]",3.5
AA_leucine.2tms,"['VIP', 'PIMP']",42.5,2,"[29, 56]",13.5
NA_C417,"['PIMP', 'Vita']",17.0,2,"[14, 20]",3.0
EI_C0109,"['PIMP', 'Vita']",86.5,2,"[79, 94]",7.5
NA_C158,"['PIMP', 'Vita']",39.5,2,"[36, 43]",3.5
NA_C153,"['PIMP', 'Vita']",3.5,2,"[2, 5]",1.5
NA_C482,"['PIMP', 'Vita']",37.0,2,"[30, 44]",7.0
EI_Arginine [-NH3] (3TMS),"['PIMP', 'Vita']",24.5,2,"[21, 28]",3.5
AA_glutamic.acid.3tms,"['PIMP', 'Vita']",41.5,2,"[41, 42]",0.5
EI_C0672,"['PIMP', 'Vita']",59.5,2,"[52, 67]",7.5
NA_C281,"['VIP', 'Vita']",69.0,2,"[71, 67]",2.0
EI_C0182,"['PIMP', 'Vita']",53.0,2,"[58, 48]",5.0
NA_C152,"['PIMP', 'Vita']",55.0,2,"[59, 51]",4.0
"EI_Butanoic acid, 3-hydroxy- (2TMS)","['PIMP', 'Vita']",37.5,2,"[15, 60]",22.5
RP_C1277,['VIP'],52.0,1,[52],0.0
RP_C1276,['VIP'],133.0,1,[133],0.0
RP_C1841,['Vita'],89.0,1,[89],0.0
RP_C1857,['VIP'],136.0,1,[136],0.0
RP_C1839,['VIP'],186.0,1,[186],0.0
EI_C0430,['Vita'],83.0,1,[83],0.0
RP_C1818,['PIMP'],127.0,1,[127],0.0
RP_C1379,['VIP'],116.0,1,[116],0.0
EI_C0607,['PIMP'],85.0,1,[85],0.0
RP_C1812,['Vita'],187.0,1,[187],0.0
EI_C0433,['VIP'],83.0,1,[83],0.0
RP_C1800,['Vita'],182.0,1,[182],0.0
EI_C0429,['PIMP'],62.0,1,[62],0.0
EI_C0437,['VIP'],69.0,1,[69],0.0
RP_C1790,['Vita'],79.0,1,[79],0.0
EI_C0454,['PIMP'],96.0,1,[96],0.0
RP_C1768,['PIMP'],117.0,1,[117],0.0
RP_C1315,['Vita'],152.0,1,[152],0.0
RP_C1757,['Vita'],35.0,1,[35],0.0
RP_C1305,['Vita'],166.0,1,[166],0.0
EI_C0421,['PIMP'],71.0,1,[71],0.0
RP_C1865,['VIP'],96.0,1,[96],0.0
EI_C0428,['VIP'],67.0,1,[67],0.0
RP_C2021,['Vita'],17.0,1,[17],0.0
RP_C1987,['VIP'],54.0,1,[54],0.0
RP_C1986,['VIP'],73.0,1,[73],0.0
RP_C1251,['Vita'],188.0,1,[188],0.0
RP_C1981,['VIP'],124.0,1,[124],0.0
RP_C1252,['Vita'],91.0,1,[91],0.0
RP_C1971,['PIMP'],119.0,1,[119],0.0
RP_C1964,['Vita'],31.0,1,[31],0.0
RP_C1960,['Vita'],84.0,1,[84],0.0
RP_C1950,['Vita'],86.0,1,[86],0.0
EI_C0418,['PIMP'],88.0,1,[88],0.0
RP_C1943,['Vita'],102.0,1,[102],0.0
RP_C1942,['Vita'],87.0,1,[87],0.0
RP_C1255,['VIP'],195.0,1,[195],0.0
RP_C1939,['Vita'],113.0,1,[113],0.0
RP_C1265,['VIP'],72.0,1,[72],0.0
RP_C1935,['PIMP'],65.0,1,[65],0.0
RP_C1932,['Vita'],118.0,1,[118],0.0
RP_C1925,['PIMP'],154.0,1,[154],0.0
RP_C1923,['PIMP'],131.0,1,[131],0.0
RP_C1918,['Vita'],71.0,1,[71],0.0
RP_C1875,['VIP'],92.0,1,[92],0.0
RP_C1724,['PIMP'],184.0,1,[184],0.0
RP_C1747,['VIP'],189.0,1,[189],0.0
EI_C0482,['Vita'],40.0,1,[40],0.0
RP_C1719,['Vita'],106.0,1,[106],0.0
EI_C0546,['Vita'],69.0,1,[69],0.0
RP_C1490,['Vita'],179.0,1,[179],0.0
RP_C1485,['Vita'],58.0,1,[58],0.0
EI_C0590,['Vita'],15.0,1,[15],0.0
RP_C1337,['Vita'],100.0,1,[100],0.0
RP_C1476,['Vita'],62.0,1,[62],0.0
RP_C1339,['VIP'],153.0,1,[153],0.0
RP_C1471,['Vita'],50.0,1,[50],0.0
EI_C0588,['Vita'],19.0,1,[19],0.0
RP_C1453,['PIMP'],69.0,1,[69],0.0
RP_C1347,['Vita'],114.0,1,[114],0.0
RP_C1356,['Vita'],168.0,1,[168],0.0
EI_C0521,['VIP'],73.0,1,[73],0.0
RP_C1432,['Vita'],73.0,1,[73],0.0
RP_C1368,['Vita'],153.0,1,[153],0.0
RP_C1423,['VIP'],146.0,1,[146],0.0
EI_C0568,['Vita'],99.0,1,[99],0.0
RP_C1414,['PIMP'],180.0,1,[180],0.0
RP_C1371,['Vita'],75.0,1,[75],0.0
RP_C1413,['PIMP'],115.0,1,[115],0.0
EI_C0573,['VIP'],85.0,1,[85],0.0
RP_C1372,['Vita'],110.0,1,[110],0.0
RP_C1389,['Vita'],37.0,1,[37],0.0
EI_C0591,['PIMP'],23.0,1,[23],0.0
EI_C0604,['VIP'],41.0,1,[41],0.0
RP_C1710,['Vita'],81.0,1,[81],0.0
RP_C1644,['Vita'],165.0,1,[165],0.0
EI_C0478,['Vita'],86.0,1,[86],0.0
RP_C1382,['Vita'],172.0,1,[172],0.0
RP_C1683,['Vita'],144.0,1,[144],0.0
EI_C0483,['Vita'],52.0,1,[52],0.0
RP_C1681,['PIMP'],138.0,1,[138],0.0
RP_C1676,['PIMP'],166.0,1,[166],0.0
RP_C1670,['Vita'],130.0,1,[130],0.0
RP_C1669,['Vita'],3.0,1,[3],0.0
RP_C1649,['VIP'],151.0,1,[151],0.0
RP_C1645,['VIP'],62.0,1,[62],0.0
RP_C1620,['VIP'],182.0,1,[182],0.0
RP_C1503,['PIMP'],147.0,1,[147],0.0
RP_C1596,['Vita'],93.0,1,[93],0.0
RP_C1594,['PIMP'],171.0,1,[171],0.0
EI_C0485,['Vita'],87.0,1,[87],0.0
RP_C1582,['VIP'],138.0,1,[138],0.0
EI_C0487,['VIP'],51.0,1,[51],0.0
EI_C0503,['PIMP'],51.0,1,[51],0.0
EI_C0519,['VIP'],84.0,1,[84],0.0
RP_C1320,['VIP'],170.0,1,[170],0.0
RP_C1524,['PIMP'],124.0,1,[124],0.0
RP_C1523,['VIP'],174.0,1,[174],0.0
RP_C2025,['Vita'],82.0,1,[82],0.0
NA_C485,['PIMP'],40.0,1,[40],0.0
RP_C2051,['VIP'],196.0,1,[196],0.0
EI_C0284,['VIP'],76.0,1,[76],0.0
hi_Fumarate,['VIP'],48.0,1,[48],0.0
hi_Flavin.mononucleotide,['VIP'],65.0,1,[65],0.0
hi_FAD,['VIP'],37.0,1,[37],0.0
hi_F.1.6.P,['VIP'],38.0,1,[38],0.0
hi_Deoxyuridine,['VIP'],39.0,1,[39],0.0
hi_Deoxyinosine.Monophosphate,['VIP'],36.0,1,[36],0.0
hi_Cytidine,['VIP'],72.0,1,[72],0.0
hi_CySSG,['VIP'],69.0,1,[69],0.0
EI_C0255,['PIMP'],74.0,1,[74],0.0
hi_Betaine,['PIMP'],57.0,1,[57],0.0
EI_C0269,['PIMP'],39.0,1,[39],0.0
EI_C0270,['VIP'],58.0,1,[58],0.0
hi_Adenosine,['VIP'],17.0,1,[17],0.0
RP_C2624,['Vita'],12.0,1,[12],0.0
hi_Adenine,['VIP'],53.0,1,[53],0.0
EI_C0288,['PIMP'],45.0,1,[45],0.0
hi_ATP,['VIP'],74.0,1,[74],0.0
hi_AMP,['VIP'],68.0,1,[68],0.0
EI_C0314,['VIP'],88.0,1,[88],0.0
RP_C2668,['Vita'],161.0,1,[161],0.0
RP_C2657,['PIMP'],148.0,1,[148],0.0
RP_C2654,['VIP'],91.0,1,[91],0.0
RP_C2643,['VIP'],139.0,1,[139],0.0
EI_C0331,['Vita'],26.0,1,[26],0.0
RP_C2634,['PIMP'],109.0,1,[109],0.0
RP_C2626,['Vita'],116.0,1,[116],0.0
hi_GMP,['VIP'],52.0,1,[52],0.0
hi_GTP,['PIMP'],45.0,1,[45],0.0
EI_C0221,['Vita'],36.0,1,[36],0.0
hi_Glycerate,['VIP'],26.0,1,[26],0.0
AA_arginine.3tms.,['PIMP'],62.0,1,[62],0.0
hi_cyclic.AMP,['VIP'],41.0,1,[41],0.0
hi_X2.3phosphoglycerate,['Vita'],40.0,1,[40],0.0
hi_Valine,['VIP'],49.0,1,[49],0.0
AA_serine.3tms,['Vita'],63.0,1,[63],0.0
hi_Tyrosine,['Vita'],61.0,1,[61],0.0
hi_Tryptophan,['VIP'],44.0,1,[44],0.0
AA_valine.2tms,['VIP'],42.0,1,[42],0.0
EI_Aspartic acid (2TMS),['PIMP'],97.0,1,[97],0.0
EI_C0031,['PIMP'],60.0,1,[60],0.0
EI_C0045,['PIMP'],46.0,1,[46],0.0
hi_Pipecolate,['VIP'],62.0,1,[62],0.0
hi_Phenylalanine,['VIP'],54.0,1,[54],0.0
EI_C0046,['Vita'],93.0,1,[93],0.0
EI_C0069,['Vita'],80.0,1,[80],0.0
hi_Methionine.SO,['VIP'],20.0,1,[20],0.0
EI_C0137,['VIP'],86.0,1,[86],0.0
hi_Maltotetraose,['PIMP'],43.0,1,[43],0.0
hi_Malate,['VIP'],55.0,1,[55],0.0
EI_C0148,['Vita'],98.0,1,[98],0.0
hi_Leucine,['VIP'],51.0,1,[51],0.0
hi_Isoleucine,['VIP'],46.0,1,[46],0.0
EI_C0176,['PIMP'],95.0,1,[95],0.0
EI_C0193,['PIMP'],48.0,1,[48],0.0
EI_C0214,['PIMP'],78.0,1,[78],0.0
RP_C2625,['VIP'],181.0,1,[181],0.0
RP_C2619,['PIMP'],62.0,1,[62],0.0
EI_C0408,['VIP'],78.0,1,[78],0.0
RP_C2195,['PIMP'],72.0,1,[72],0.0
RP_C2328,['VIP'],163.0,1,[163],0.0
RP_C2327,['PIMP'],152.0,1,[152],0.0
RP_C2324,['Vita'],154.0,1,[154],0.0
RP_C2322,['Vita'],148.0,1,[148],0.0
RP_C2320,['VIP'],100.0,1,[100],0.0
RP_C2316,['PIMP'],100.0,1,[100],0.0
RP_C2299,['VIP'],137.0,1,[137],0.0
EI_C0378,['Vita'],78.0,1,[78],0.0
RP_C2250,['Vita'],38.0,1,[38],0.0
EI_C0379,['VIP'],77.0,1,[77],0.0
RP_C2228,['Vita'],68.0,1,[68],0.0
EI_C0380,['PIMP'],80.0,1,[80],0.0
EI_C0391,['Vita'],22.0,1,[22],0.0
RP_C2617,['VIP'],120.0,1,[120],0.0
RP_C1233,['VIP'],69.0,1,[69],0.0
RP_C2189,['Vita'],163.0,1,[163],0.0
RP_C2181,['Vita'],90.0,1,[90],0.0
RP_C2171,['VIP'],49.0,1,[49],0.0
RP_C2162,['VIP'],106.0,1,[106],0.0
RP_C2154,['PIMP'],129.0,1,[129],0.0
RP_C2136,['VIP'],125.0,1,[125],0.0
RP_C2130,['VIP'],197.0,1,[197],0.0
EI_C0392,['Vita'],53.0,1,[53],0.0
RP_C2092,['VIP'],105.0,1,[105],0.0
EI_C0397,['Vita'],11.0,1,[11],0.0
RP_C2075,['PIMP'],126.0,1,[126],0.0
EI_C0374,['PIMP'],87.0,1,[87],0.0
RP_C2340,['PIMP'],136.0,1,[136],0.0
RP_C2350,['Vita'],48.0,1,[48],0.0
RP_C2359,['Vita'],195.0,1,[195],0.0
RP_C2615,['PIMP'],27.0,1,[27],0.0
RP_C2614,['PIMP'],88.0,1,[88],0.0
RP_C2611,['Vita'],21.0,1,[21],0.0
RP_C2604,['PIMP'],164.0,1,[164],0.0
RP_C2603,['PIMP'],134.0,1,[134],0.0
EI_C0335,['Vita'],23.0,1,[23],0.0
EI_C0337,['PIMP'],82.0,1,[82],0.0
RP_C2571,['Vita'],39.0,1,[39],0.0
RP_C2567,['VIP'],162.0,1,[162],0.0
RP_C2564,['PIMP'],32.0,1,[32],0.0
RP_C2558,['PIMP'],133.0,1,[133],0.0
RP_C2556,['Vita'],67.0,1,[67],0.0
EI_C0339,['VIP'],26.0,1,[26],0.0
RP_C2539,['Vita'],66.0,1,[66],0.0
RP_C2531,['Vita'],9.0,1,[9],0.0
EI_C0342,['VIP'],42.0,1,[42],0.0
RP_C2519,['PIMP'],111.0,1,[111],0.0
RP_C2495,['PIMP'],175.0,1,[175],0.0
EI_C0344,['Vita'],76.0,1,[76],0.0
RP_C2454,['Vita'],115.0,1,[115],0.0
RP_C2421,['Vita'],137.0,1,[137],0.0
RP_C2413,['Vita'],96.0,1,[96],0.0
RP_C2411,['Vita'],98.0,1,[98],0.0
EI_C0353,['Vita'],51.0,1,[51],0.0
EI_C0355,['VIP'],82.0,1,[82],0.0
RP_C2192,['PIMP'],165.0,1,[165],0.0
EI_C0668,['VIP'],59.0,1,[59],0.0
EI_C0631,['PIMP'],91.0,1,[91],0.0
EI_C1313,['VIP'],61.0,1,[61],0.0
EI_C1191,['PIMP'],81.0,1,[81],0.0
EI_C1214,['PIMP'],93.0,1,[93],0.0
EI_C1219,['Vita'],81.0,1,[81],0.0
RP_C0274,['Vita'],164.0,1,[164],0.0
RP_C0269,['PIMP'],197.0,1,[197],0.0
EI_C1241,['VIP'],49.0,1,[49],0.0
EI_C1248,['PIMP'],38.0,1,[38],0.0
RP_C0258,['PIMP'],185.0,1,[185],0.0
RP_C0246,['VIP'],41.0,1,[41],0.0
EI_C1249,['VIP'],99.0,1,[99],0.0
RP_C0231,['PIMP'],130.0,1,[130],0.0
RP_C0230,['VIP'],37.0,1,[37],0.0
EI_C1254,['VIP'],96.0,1,[96],0.0
RP_C0224,['Vita'],123.0,1,[123],0.0
EI_C1256,['VIP'],90.0,1,[90],0.0
RP_C0210,['Vita'],18.0,1,[18],0.0
EI_C1258,['PIMP'],89.0,1,[89],0.0
RP_C0193,['PIMP'],25.0,1,[25],0.0
RP_C0192,['Vita'],155.0,1,[155],0.0
RP_C0191,['PIMP'],75.0,1,[75],0.0
RP_C0189,['PIMP'],177.0,1,[177],0.0
RP_C0173,['VIP'],70.0,1,[70],0.0
EI_C1264,['VIP'],16.0,1,[16],0.0
RP_C0155,['VIP'],26.0,1,[26],0.0
EI_C1294,['Vita'],66.0,1,[66],0.0
EI_C1305,['VIP'],74.0,1,[74],0.0
RP_C0148,['VIP'],35.0,1,[35],0.0
RP_C0289,['VIP'],82.0,1,[82],0.0
RP_C0290,['PIMP'],46.0,1,[46],0.0
EI_C1187,['PIMP'],34.0,1,[34],0.0
RP_C0392,['PIMP'],34.0,1,[34],0.0
RP_C0443,['VIP'],191.0,1,[191],0.0
RP_C0434,['Vita'],103.0,1,[103],0.0
RP_C0418,['VIP'],148.0,1,[148],0.0
RP_C0416,['Vita'],40.0,1,[40],0.0
EI_C1032,['VIP'],38.0,1,[38],0.0
RP_C0414,['VIP'],177.0,1,[177],0.0
RP_C0413,['PIMP'],96.0,1,[96],0.0
RP_C0412,['VIP'],107.0,1,[107],0.0
RP_C0411,['VIP'],18.0,1,[18],0.0
EI_C1051,['PIMP'],76.0,1,[76],0.0
RP_C0399,['VIP'],142.0,1,[142],0.0
RP_C0393,['VIP'],90.0,1,[90],0.0
EI_C1068,['VIP'],93.0,1,[93],0.0
RP_C0302,['VIP'],95.0,1,[95],0.0
RP_C0376,['PIMP'],99.0,1,[99],0.0
RP_C0358,['Vita'],173.0,1,[173],0.0
RP_C0343,['Vita'],160.0,1,[160],0.0
EI_C1137,['VIP'],46.0,1,[46],0.0
EI_C1139,['Vita'],70.0,1,[70],0.0
EI_C1159,['VIP'],98.0,1,[98],0.0
EI_C1164,['PIMP'],86.0,1,[86],0.0
RP_C0324,['VIP'],123.0,1,[123],0.0
RP_C0319,['Vita'],25.0,1,[25],0.0
RP_C0310,['Vita'],183.0,1,[183],0.0
RP_C0307,['Vita'],159.0,1,[159],0.0
RP_C0303,['VIP'],89.0,1,[89],0.0
EI_C1312,['VIP'],81.0,1,[81],0.0
EI_C1325,['Vita'],35.0,1,[35],0.0
RP_C0467,['PIMP'],79.0,1,[79],0.0
RP_C0123,['PIMP'],45.0,1,[45],0.0
NA_NA114002 (classified unknown),['PIMP'],38.0,1,[38],0.0
NA_N-Carboxyglycine (3TMS),['VIP'],33.0,1,[33],0.0
NA_Glycine (3TMS),['PIMP'],61.0,1,[61],0.0
NA_C176,['VIP'],30.0,1,[30],0.0
NA_C854,['PIMP'],32.0,1,[32],0.0
NA_C852,['Vita'],66.0,1,[66],0.0
NA_C196,['Vita'],64.0,1,[64],0.0
NA_C821,['VIP'],59.0,1,[59],0.0
NA_C199,['PIMP'],68.0,1,[68],0.0
NA_C803,['Vita'],59.0,1,[59],0.0
NA_C799,['Vita'],71.0,1,[71],0.0
NA_C240,['Vita'],50.0,1,[50],0.0
NA_C295,['PIMP'],63.0,1,[63],0.0
NA_C414,['PIMP'],52.0,1,[52],0.0
NA_C695,['Vita'],46.0,1,[46],0.0
NA_C692,['PIMP'],66.0,1,[66],0.0
NA_C682,['PIMP'],72.0,1,[72],0.0
NA_C428,['VIP'],70.0,1,[70],0.0
NA_C659,['VIP'],66.0,1,[66],0.0
NA_C658,['VIP'],67.0,1,[67],0.0
NA_C438,['PIMP'],54.0,1,[54],0.0
NA_C442,['PIMP'],70.0,1,[70],0.0
NA_C578,['Vita'],35.0,1,[35],0.0
NA_C571,['Vita'],65.0,1,[65],0.0
NA_C472,['Vita'],55.0,1,[55],0.0
NA_C547,['PIMP'],53.0,1,[53],0.0
NA_C509,['PIMP'],64.0,1,[64],0.0
RP_C0004,['Vita'],32.0,1,[32],0.0
RP_C0010,['Vita'],176.0,1,[176],0.0
RP_C0014,['PIMP'],182.0,1,[182],0.0
RP_C0059,['Vita'],108.0,1,[108],0.0
RP_C0122,['VIP'],160.0,1,[160],0.0
RP_C0120,['Vita'],46.0,1,[46],0.0
EI_Ethanolamine (3TMS),['VIP'],91.0,1,[91],0.0
RP_C0100,['VIP'],71.0,1,[71],0.0
EI_Hydroxylamine (3TMS),['VIP'],48.0,1,[48],0.0
EI_Lactic acid (2TMS),['VIP'],35.0,1,[35],0.0
RP_C0092,['PIMP'],77.0,1,[77],0.0
RP_C0089,['VIP'],167.0,1,[167],0.0
RP_C0077,['VIP'],115.0,1,[115],0.0
RP_C0069,['Vita'],112.0,1,[112],0.0
EI_Malic acid (3TMS),['PIMP'],37.0,1,[37],0.0
EI_NA_8,['PIMP'],18.0,1,[18],0.0
RP_C0057,['PIMP'],73.0,1,[73],0.0
NA_C146,['Vita'],57.0,1,[57],0.0
RP_C0052,['VIP'],112.0,1,[112],0.0
EI_Ornithine (3TMS),['PIMP'],25.0,1,[25],0.0
EI_Sarcosine (2TMS),['PIMP'],98.0,1,[98],0.0
RP_C0041,['VIP'],135.0,1,[135],0.0
RP_C0031,['VIP'],39.0,1,[39],0.0
RP_C0030,['VIP'],56.0,1,[56],0.0
EI_Siloxane,['PIMP'],55.0,1,[55],0.0
EI_Threonine (3TMS),['Vita'],18.0,1,[18],0.0
RP_C0026,['VIP'],110.0,1,[110],0.0
NA_Alanine (2TMS),['Vita'],68.0,1,[68],0.0
"NA_Benzimidazole, 5,6-dimethyl-",['PIMP'],55.0,1,[55],0.0
NA_C011,['Vita'],56.0,1,[56],0.0
RP_C0453,['VIP'],126.0,1,[126],0.0
RP_C0468,['Vita'],122.0,1,[122],0.0
EI_C0641,['VIP'],57.0,1,[57],0.0
RP_C0793,['VIP'],83.0,1,[83],0.0
EI_C0734,['VIP'],62.0,1,[62],0.0
EI_C0744,['VIP'],97.0,1,[97],0.0
RP_C0945,['PIMP'],156.0,1,[156],0.0
EI_C0748,['Vita'],71.0,1,[71],0.0
RP_C0943,['VIP'],145.0,1,[145],0.0
RP_C0941,['Vita'],146.0,1,[146],0.0
RP_C0931,['Vita'],59.0,1,[59],0.0
RP_C0926,['PIMP'],106.0,1,[106],0.0
EI_C0768,['Vita'],96.0,1,[96],0.0
RP_C0914,['Vita'],92.0,1,[92],0.0
RP_C0913,['Vita'],128.0,1,[128],0.0
EI_C0785,['Vita'],58.0,1,[58],0.0
EI_C0797,['Vita'],46.0,1,[46],0.0
RP_C0878,['VIP'],161.0,1,[161],0.0
EI_C0803,['VIP'],75.0,1,[75],0.0
RP_C0852,['Vita'],141.0,1,[141],0.0
RP_C0851,['PIMP'],159.0,1,[159],0.0
RP_C0850,['VIP'],183.0,1,[183],0.0
RP_C0838,['VIP'],121.0,1,[121],0.0
RP_C0833,['PIMP'],128.0,1,[128],0.0
RP_C0828,['Vita'],55.0,1,[55],0.0
RP_C0825,['Vita'],131.0,1,[131],0.0
RP_C0820,['PIMP'],98.0,1,[98],0.0
RP_C0810,['Vita'],26.0,1,[26],0.0
RP_C0808,['Vita'],74.0,1,[74],0.0
RP_C0806,['Vita'],143.0,1,[143],0.0
RP_C0803,['Vita'],180.0,1,[180],0.0
RP_C0952,['Vita'],135.0,1,[135],0.0
EI_C0732,['Vita'],68.0,1,[68],0.0
RP_C0962,['Vita'],54.0,1,[54],0.0
EI_C0689,['VIP'],68.0,1,[68],0.0
RP_C1219,['Vita'],156.0,1,[156],0.0
RP_C1207,['Vita'],65.0,1,[65],0.0
RP_C1204,['VIP'],190.0,1,[190],0.0
EI_C0650,['Vita'],33.0,1,[33],0.0
EI_C0653,['VIP'],25.0,1,[25],0.0
RP_C1176,['PIMP'],113.0,1,[113],0.0
RP_C1171,['Vita'],16.0,1,[16],0.0
RP_C1167,['PIMP'],89.0,1,[89],0.0
RP_C1128,['VIP'],147.0,1,[147],0.0
RP_C1127,['VIP'],117.0,1,[117],0.0
RP_C1114,['Vita'],52.0,1,[52],0.0
RP_C1113,['VIP'],179.0,1,[179],0.0
RP_C1090,['VIP'],144.0,1,[144],0.0
RP_C0965,['PIMP'],187.0,1,[187],0.0
RP_C1080,['PIMP'],151.0,1,[151],0.0
RP_C1078,['Vita'],162.0,1,[162],0.0
RP_C1075,['PIMP'],189.0,1,[189],0.0
RP_C1062,['VIP'],185.0,1,[185],0.0
EI_C0706,['Vita'],59.0,1,[59],0.0
RP_C1017,['PIMP'],105.0,1,[105],0.0
EI_C0711,['Vita'],75.0,1,[75],0.0
RP_C1004,['Vita'],24.0,1,[24],0.0
RP_C1000,['VIP'],175.0,1,[175],0.0
RP_C0981,['PIMP'],186.0,1,[186],0.0
RP_C0968,['Vita'],70.0,1,[70],0.0
RP_C0967,['Vita'],177.0,1,[177],0.0
RP_C0801,['Vita'],14.0,1,[14],0.0
EI_C0812,['PIMP'],35.0,1,[35],0.0
RP_C0473,['Vita'],44.0,1,[44],0.0
RP_C0791,['VIP'],176.0,1,[176],0.0
EI_C0953,['Vita'],42.0,1,[42],0.0
RP_C0568,['VIP'],101.0,1,[101],0.0
RP_C0566,['VIP'],104.0,1,[104],0.0
RP_C0559,['Vita'],189.0,1,[189],0.0
RP_C0548,['PIMP'],193.0,1,[193],0.0
RP_C0541,['Vita'],169.0,1,[169],0.0
RP_C0534,['VIP'],130.0,1,[130],0.0
RP_C0530,['Vita'],76.0,1,[76],0.0
RP_C0529,['VIP'],199.0,1,[199],0.0
RP_C0527,['VIP'],155.0,1,[155],0.0
RP_C0518,['Vita'],72.0,1,[72],0.0
RP_C0517,['PIMP'],84.0,1,[84],0.0
RP_C0512,['VIP'],22.0,1,[22],0.0
RP_C0511,['VIP'],51.0,1,[51],0.0
RP_C0510,['PIMP'],64.0,1,[64],0.0
RP_C0505,['Vita'],56.0,1,[56],0.0
RP_C0503,['VIP'],193.0,1,[193],0.0
RP_C0500,['PIMP'],132.0,1,[132],0.0
EI_C1006,['Vita'],90.0,1,[90],0.0
RP_C0496,['Vita'],150.0,1,[150],0.0
RP_C0495,['VIP'],66.0,1,[66],0.0
EI_C1008,['Vita'],30.0,1,[30],0.0
RP_C0491,['Vita'],191.0,1,[191],0.0
EI_C1009,['Vita'],45.0,1,[45],0.0
AA_Proline.2tms,['VIP'],23.0,1,[23],0.0
EI_C1017,['Vita'],44.0,1,[44],0.0
RP_C0474,['Vita'],111.0,1,[111],0.0
RP_C0584,['Vita'],117.0,1,[117],0.0
EI_C0950,['Vita'],61.0,1,[61],0.0
EI_C0949,['PIMP'],83.0,1,[83],0.0
RP_C0720,['VIP'],194.0,1,[194],0.0
RP_C0788,['VIP'],184.0,1,[184],0.0
RP_C0781,['VIP'],28.0,1,[28],0.0
RP_C0777,['PIMP'],97.0,1,[97],0.0
RP_C0769,['VIP'],122.0,1,[122],0.0
RP_C0754,['Vita'],45.0,1,[45],0.0
RP_C0753,['PIMP'],103.0,1,[103],0.0
RP_C0746,['PIMP'],61.0,1,[61],0.0
RP_C0744,['PIMP'],170.0,1,[170],0.0
RP_C0735,['Vita'],158.0,1,[158],0.0
EI_C0819,['PIMP'],67.0,1,[67],0.0
EI_C0835,['VIP'],54.0,1,[54],0.0
EI_C0844,['VIP'],92.0,1,[92],0.0
RP_C0704,['PIMP'],76.0,1,[76],0.0
RP_C0602,['VIP'],24.0,1,[24],0.0
RP_C0691,['Vita'],69.0,1,[69],0.0
RP_C0680,['VIP'],53.0,1,[53],0.0
RP_C0670,['PIMP'],122.0,1,[122],0.0
RP_C0659,['Vita'],184.0,1,[184],0.0
EI_C0856,['VIP'],66.0,1,[66],0.0
EI_C0919,['Vita'],55.0,1,[55],0.0
RP_C0629,['VIP'],150.0,1,[150],0.0
RP_C0624,['VIP'],67.0,1,[67],0.0
EI_C0933,['VIP'],71.0,1,[71],0.0
RP_C0610,['Vita'],145.0,1,[145],0.0
RP_C0606,['PIMP'],174.0,1,[174],0.0
RP_C0604,['VIP'],50.0,1,[50],0.0
RP_C0483,['PIMP'],70.0,1,[70],0.0
